name,label,order,data_file,data_file_id,file_id,key,location,mmuc_equivalent,discontinued,api_only,api,name_var,api_list_col
CaseYear,Case Year,1,,,,,,,,TRUE,"Crashes, Details",,
CRASHDATE,Crash Date,1,,,,,,,,TRUE,"Crashes, Crash list",,
TOTALVEHICLES,Total Vehicles,1,,,,,,,,TRUE,"Crashes, Crash list",,
STATE,State Number,2,,,C1/V1/D1/PC1/P1/NM1,TRUE,32,,,,,,
STATENAME,State Name,2,,,,,,,,TRUE,"Crashes, Crash list, Details",TRUE,
ST_CASE,Consecutive Number,4,,,C2/V2/D2/PC2/P2/NM2,TRUE,33,,,,,,
date,Crash date,4,,,,,,,,,crashapi package,,
time,Crash time,4,,,,,,,,,crashapi package,,
datetime,Crash date/time,4,,,,,,,,,crashapi package,,
VEH_NO,Vehicle Number,6,,,V3/D3/PC3/P3/NM4,TRUE,34,,,,,,
PER_NO,Person Number,7,,,P4/NM3,TRUE,35,,,,,,
EVENTNUM,Event Number,8,,,C18,TRUE,36,,,,,,
VEVENTNUM,Vehicle Event Number,9,,,C18,TRUE,36,,,,,,
Motor PEDS,Number of Forms Submitted for Persons Not in Vehicles,10,ACCIDENT,37,C3,,38,,,,,,
PEDS,Number of Forms Submitted for Persons Not in Vehicles,10,,,,,,,,TRUE,"Crash list, Details",,
PERNOTMVIT,Number of Persons Not in Motor Vehicles in Transport (MVIT),11,ACCIDENT,37,C3A,,38,,,,,,
VE_TOTAL,Number of Vehicle Forms Submitted- ALL,12,ACCIDENT,37,C4,,39,,,,,,
VE_FORMS,Number of Motor Vehicles in Transport (MVIT),13,ACCIDENT,37,C4A,,40,,,,,,
PVH_INVL,Number of Parked/Working Vehicles,14,ACCIDENT,37,C4B,,41,,,,,,
NPersons,Number of Forms Submitted for Persons in Motor Vehicles,15,,,,,,,,TRUE,Details,,TRUE
PERSONS,Number of Forms Submitted for Persons in Motor Vehicles,15,ACCIDENT,37,C5,,42,,,,,,
PERMVIT,Number of Persons in Motor Vehicles in Transport (MVIT),16,ACCIDENT,37,C5A,,43,,,,,,
COUNTY,County,17,ACCIDENT,37,C6,,44,,,,,,
COUNTYNAME,County,17,,,,,,,,TRUE,"Crashes, Crash list, Details",TRUE,
CITY,City,18,ACCIDENT,37,C7,,45,,,,,,
CITYNAME,City,18,,,,,,,,TRUE,"Crashes, Crash list, Details",TRUE,
MONTH,Month of Crash,19,ACCIDENT,37,C8A,,46,,,,,,
MonthName,Month of Crash,19,,,,,,,,TRUE,Details,TRUE,
DAY,Day of Crash,20,ACCIDENT,37,C8B,,46,,,,,,
DAY_WEEK,Day of Week,21,ACCIDENT,37,C8C,,47,,,,,,
DAY_WEEKNAME,Day of Week,21,,,,,,,,TRUE,Details,TRUE,
YEAR,Year of Crash,22,ACCIDENT,37,C8D,,47,,,,,,
HOUR,Hour of Crash,23,ACCIDENT,37,C9A,,48,,,,,,
HOURNAME,Hour of Crash,23,,,,,,,,TRUE,Details,TRUE,
MINUTE,Minute of Crash,24,ACCIDENT,37,C9B,,48,,,,,,
MINUTENAME,Minute of Crash,24,,,,,,,,TRUE,Details,TRUE,
TWAY_ID,Trafficway Identifier,25,ACCIDENT,37,C10,,49,,,,,,
TWAY_ID2,Trafficway Identifier,26,ACCIDENT,37,C10,,49,,,,,,
ROUTE,Route Signing,27,ACCIDENT,37,C11,,50,,,,,,
ROUTENAME,Route Signing,27,,,,,,,,TRUE,Details,TRUE,
RUR_URB,Land Use,28,ACCIDENT,37,C12A,,51,,,,,,
RUR_URBNAME,Land Use,28,,,,,,,,TRUE,Details,TRUE,
FUNC_SYS,Functional System,29,ACCIDENT,37,C12B,,52,,,,,,
FUNC_SYSNAME,Functional System,29,,,,,,,,TRUE,Details,TRUE,
RD_OWNER,Ownership,30,ACCIDENT,37,C13,,53,,,,,,
RD_OWNERNAME,Ownership,30,,,,,,,,TRUE,Details,TRUE,
NHS,National Highway System,31,ACCIDENT,37,C14,,54,,,,,,
NHSNAME,National Highway System,31,,,,,,,,TRUE,Details,TRUE,
SP_JUR,Special Jurisdiction,32,ACCIDENT,37,C15,,55,,,,,,
SP_JURNAME,Special Jurisdiction,32,,,,,,,,TRUE,Details,TRUE,
MILEPT,Milepoint,33,ACCIDENT,37,C16,,56,,,,,,
MILEPTNAME,Milepoint,33,,,,,,,,TRUE,Details,TRUE,
LATITUDE,Latitude,34,ACCIDENT,37,C17A,,57,,,,,,
LATITUDENAME,Latitude,34,,,,,,,,TRUE,Details,TRUE,
LONGITUD,Longitude,35,ACCIDENT,37,C17B,,58,,,,,,
LONGITUDNAME,Longitude,35,,,,,,,,TRUE,Details,TRUE,
HARM_EV,First Harmful Event,36,ACCIDENT,37,C19,,59,,,,,,
HARM_EVNAME,First Harmful Event,36,,,,,,,,TRUE,Details,TRUE,
MAN_COLL,Manner of Collision of the First Harmful Event,37,ACCIDENT,37,C20,,63,,,,,,
MAN_COLLNAME,Manner of Collision of the First Harmful Event,37,,,,,,,,TRUE,Details,TRUE,
RELJCT1,Relation to Junction- Within Interchange Area,38,ACCIDENT,37,C21A,,64,,,,,,
RELJCT1NAME,Relation to Junction- Within Interchange Area,38,,,,,,,,TRUE,Details,TRUE,
RELJCT2,Relation to Junction- Specific Location,39,ACCIDENT,37,C21B,,64,,,,,,
RELJCT2NAME,Relation to Junction- Specific Location,39,,,,,,,,TRUE,Details,TRUE,
TYP_INT,Type of Intersection,40,ACCIDENT,37,C22,,66,,,,,,
TYP_INTNAME,Type of Intersection (Name),40,,,,,,,,TRUE,Details,TRUE,
REL_ROAD,Relation to Trafficway,41,ACCIDENT,37,C23,,67,,,,,,
REL_ROADNAME,Relation to Trafficway,41,,,,,,,,TRUE,Details,TRUE,
WRK_ZONE,Work Zone,42,ACCIDENT,37,C24,,68,,,,,,
WRK_ZONENAME,Work Zone (Name),42,,,,,,,,TRUE,Details,TRUE,
LGT_COND,Light Condition,43,ACCIDENT,37,C25,,69,,,,,,
LGT_CONDNAME,Light Condition,43,,,,,,,,TRUE,Details,TRUE,
WEATHER,Atmospheric Conditions,44,ACCIDENT,37,C26,,70,,,,,,
WEATHERNAME,Atmospheric Conditions (Name),44,,,,,,,,TRUE,Details,TRUE,
WEATHER1,Atmospheric Conditions,45,ACCIDENT,37,C26,,70,,,,,,
WEATHER1NAME,Atmospheric Conditions (Name),45,,,,,,,,TRUE,Details,TRUE,
WEATHER2,Atmospheric Conditions,46,ACCIDENT,37,C26,,70,,,,,,
WEATHER2NAME,Atmospheric Conditions (Name),46,,,,,,,,TRUE,Details,TRUE,
SCH_BUS,School Bus Related,47,ACCIDENT,37,C27,,71,,,,,,
SCH_BUSNAME,School Bus Related,47,,,,,,,,TRUE,Details,TRUE,
RAIL,Rail Grade Crossing Identifier,48,ACCIDENT,37,C28,,72,,,,,,
RAILNAME,Rail Grade Crossing Identifier,48,,,,,,,,TRUE,Details,TRUE,
NOT_HOUR,Hour of Notification,49,ACCIDENT,37,C29A,,73,,,,,,
NOT_HOURNAME,Hour of Notification,49,,,,,,,,TRUE,Details,TRUE,
NOT_MIN,Minute of Notification,50,ACCIDENT,37,C29B,,73,,,,,,
NOT_MINNAME,Minute of Notification,50,,,,,,,,TRUE,Details,TRUE,
ARR_HOUR,Hour of Arrival at Scene,51,ACCIDENT,37,C30A,,74,,,,,,
ARR_HOURNAME,Hour of Arrival at Scene,51,,,,,,,,TRUE,Details,TRUE,
ARR_MIN,Minute of Arrival at Scene,52,ACCIDENT,37,C30B,,74,,,,,,
ARR_MINNAME,Minute of Arrival at Scene,52,,,,,,,,TRUE,Details,TRUE,
HOSP_HR,Hour of EMS Arrival at Hospital,53,ACCIDENT,37,C31A,,75,,,,,,
HOSP_HRNAME,Hour of EMS Arrival at Hospital,53,,,,,,,,TRUE,Details,TRUE,
HOSP_MIN,Minute of EMS Arrival at Hospital,54,ACCIDENT,37,C31B,,75,,,,,,
HOSP_MN,Minute of EMS Arrival at Hospital,54,,,,,,,,TRUE,Details,,
HOSP_MNNAME,Minute of EMS Arrival at Hospital,54,,,,,,,,TRUE,Details,TRUE,
CF1,Related Factors- Crash Level,55,ACCIDENT,37,C32,,76,,,,,,
CF1NAME,Related Factors- Crash Level,55,,,,,,,,TRUE,Details,TRUE,
CF2,Related Factors- Crash Level,56,ACCIDENT,37,C32,,76,,,,,,
CF2NAME,Related Factors- Crash Level,56,,,,,,,,TRUE,Details,TRUE,
CF3,Related Factors- Crash Level,57,ACCIDENT,37,C32,,76,,,,,,
CF3NAME,Related Factors- Crash Level,57,,,,,,,,TRUE,Details,TRUE,
FATALS,Fatalities,58,ACCIDENT,37,C101,,79,,,,,,
FED_AID,Federal Highway (discontinued),59,ACCIDENT,37,,,80,,TRUE,,,,
HIT_RUN,Hit and Run (discontinued),60,ACCIDENT,37,,,81,,TRUE,,,,
LAND_USE,Land Use (discontinued),61,ACCIDENT,37,,,82,,TRUE,,,,
DRUNK_DR,Number of Drinking Drivers (discontinued),62,ACCIDENT,37,,,83,,TRUE,,,,
ALIGNMNT,Roadway Alignment (discontinued),63,ACCIDENT,37,,,84,,TRUE,,,,
ROAD_FNC,Roadway Function Class (discontinued),64,ACCIDENT,37,,,85,,TRUE,,,,
ROAD_FNCNAME,Roadway Function Class (discontinued),64,,,,,,,,TRUE,Details,TRUE,
PROFILE,Roadway Profile (discontinued),65,ACCIDENT,37,,,86,,TRUE,,,,
SUR_COND,Roadway Surface Condition (discontinued),66,ACCIDENT,37,,,86,,TRUE,,,,
PAVE_TYP,Roadway Surface Type (discontinued),67,ACCIDENT,37,,,87,,TRUE,,,,
SP_LIMIT,Speed Limit (discontinued),68,ACCIDENT,37,,,87,,TRUE,,,,
NO_LANES,Total Lanes in Roadway (discontinued),69,ACCIDENT,37,,,88,,TRUE,,,,
TRA_CONT,Traffic Control Device (discontinued),70,ACCIDENT,37,,,89,,TRUE,,,,
T_CONT_F,Traffic Control Device Functioning (discontinued),71,ACCIDENT,37,,,91,,,,,,
TRAF_FLO,Trafficway Description (discontinued),72,ACCIDENT,37,,,92,,TRUE,,,,
VEHICLES,Vehicles in Transport (discontinued),73,ACCIDENT,37,,,92,,TRUE,,,,
Vehicles,,73,,,,,,,,TRUE,Details,,TRUE
NUMOCCS,Number of Occupants,75,VEHICLE,93,V4,,94,,,,,,
UNITTYPE,Unit Type,76,VEHICLE,93,V5,,95,,,,,,
HIT_RUN,Hit and Run,77,VEHICLE,93,V6,,96,,,,,,
REG_STAT,Registration State,78,VEHICLE,93,V7,,97,,,,,,
OWNER,Registered Vehicle Owner,79,VEHICLE,93,V8,,99,,,,,,
MAKE,Vehicle Make,80,VEHICLE,93,V9,,100,,,,,,
MODEL,Vehicle Model,81,VEHICLE,93,V10,,105,,,,,,
BODY_TYP,Body Type,82,VEHICLE,93,V11,,107,,,,,,
MOD_YEAR,Vehicle Model Year,83,VEHICLE,93,V12,,113,,,,,,
VIN,Vehicle Identification Number (VIN),84,VEHICLE,93,V13,,114,,,,,,
TOW_VEH,Vehicle Trailing,85,VEHICLE,93,V14,,115,,,,,,
TRLR1VIN,Trailer Vehicle Identification Number,86,VEHICLE,93,V15,,116,,,,,,
TRLR2VIN,Trailer Vehicle Identification Number,87,VEHICLE,93,V15,,116,,,,,,
TRLR3VIN,Trailer Vehicle Identification Number,88,VEHICLE,93,V15,,116,,,,,,
J_KNIFE,Jackknife,89,VEHICLE,93,V16,,117,,,,,,
MCARR_ID,Motor Carrier Identification Number (MCID),90,VEHICLE,93,V17,,118,,,,,,
MCARR_I1,MCID Issuing Authority,91,VEHICLE,93,V17A,,119,,,,,,
MCARR_I2,MCID Identification Number,92,VEHICLE,93,V17B,,120,,,,,,
GVWR,Gross Vehicle Weight Rating,93,VEHICLE,93,V18,,121,,,,,,
V_CONFIG,Vehicle Configuration,94,VEHICLE,93,V19,,122,,,,,,
CARGO_BT,Cargo Body Type,95,VEHICLE,93,V20,,124,,,,,,
HAZ_INV,Hazardous Material Involvement,96,VEHICLE,93,V21A/HM1,,126,,,,,,
HAZ_PLAC,Hazardous Material Placard,97,VEHICLE,93,V21B/HM2,,126,,,,,,
HAZ_ID,Hazardous Material Identification Number,98,VEHICLE,93,V21C/HM3,,126,,,,,,
HAZ_CNO,Hazardous Material Class Number,99,VEHICLE,93,V21D/HM4,,127,,,,,,
HAZ_REL,Release of Hazardous Material from the Cargo Compartment,100,VEHICLE,93,V21E/HM5,,127,,,,,,
BUS_USE,Bus Use,101,VEHICLE,93,V22,,128,,,,,,
SPEC_USE,Special Use,102,VEHICLE,93,V23,,129,,,,,,
EMER_USE,Emergency Motor Vehicle Use,103,VEHICLE,93,V24,,130,,,,,,
TRAV_SP,Travel Speed,104,VEHICLE,93,V25,,131,,,,,,
UNDERIDE,Underride/Override,105,VEHICLE,93,V26,,132,,,,,,
ROLLOVER,Rollover,106,VEHICLE,93,V27,,133,,,,,,
ROLINLOC,Location of Rollover,107,VEHICLE,93,V28,,134,,,,,,
IMPACT1,Area of Impact – Initial Contact Point,108,VEHICLE,93,V29A,,135,,,,,,
DEFORMED,Extent of Damage,109,VEHICLE,93,V30,,137,,,,,,
TOWED,Vehicle Removal,110,VEHICLE,93,V31,,138,,,,,,
M_HARM,Most Harmful Event,111,VEHICLE,93,V33,,139,,,,,,
FIRE_EXP,Fire Occurrence,112,VEHICLE,93,V34,,143,,,,,,
ADS_PRES,Automation System or Systems Present in Vehicle,113,VEHICLE,93,C35A,,144,,,,,,
ADS_LEV,Highest Automation System Level Present in Vehicle,114,VEHICLE,93,C35B,,144,,,,,,
ADS_ENG,Highest Automation System Level Engaged at Time of Crash,115,VEHICLE,93,C35C,,145,,,,,,
VEH_SC1,Related Factors- Vehicle Level,116,VEHICLE,93,V36,,146,,,,,,
VEH_SC2,Related Factors- Vehicle Level,117,VEHICLE,93,V36,,146,,,,,,
MAK_MOD,Make Model Combined,118,VEHICLE,93,V100,,148,,,,,,
VIN_1,VIN Character 1,119,VEHICLE,93,V101,,149,,,,,,
VIN_2,VIN Character 2,120,VEHICLE,93,V102,,150,,,,,,
VIN_3,VIN Character 3,121,VEHICLE,93,V103,,151,,,,,,
VIN_4,VIN Character 4,122,VEHICLE,93,V104,,152,,,,,,
VIN_5,VIN Character 5,123,VEHICLE,93,V105,,153,,,,,,
VIN_6,VIN Character 6,124,VEHICLE,93,V106,,154,,,,,,
VIN_7,VIN Character 7,125,VEHICLE,93,V107,,155,,,,,,
VIN_8,VIN Character 8,126,VEHICLE,93,V108,,156,,,,,,
VIN_9,VIN Character 9,127,VEHICLE,93,V109,,157,,,,,,
VIN_10,VIN Character 10,128,VEHICLE,93,V110,,158,,,,,,
VIN_11,VIN Character 11,129,VEHICLE,93,V111,,159,,,,,,
VIN_12,VIN Character 12,130,VEHICLE,93,V112,,160,,,,,,
DEATHS,Fatalities in Vehicle,131,VEHICLE,93,V150,,161,,,,,,
DR_DRINK,Driver Drinking,132,VEHICLE,93,V151,,162,,,,,,
DR_PRES,Driver Presence,133,VEHICLE,93,D4,,163,,,,,,
L_STATE,Driver’s License State,134,VEHICLE,93,D5,,164,,,,,,
DR_ZIP,Driver’s ZIP Code,135,VEHICLE,93,D6,,165,,,,,,
L_TYPE,Non-CDL License Type,136,VEHICLE,93,D7A,,166,,,,,,
L_STATUS,Non-CDL License Status,137,VEHICLE,93,D7B,,166,,,,,,
CDL_STAT,Commercial Motor Vehicle License Status,138,VEHICLE,93,D8,,168,,,,,,
L_ENDORS,Compliance with CDL Endorsements,139,VEHICLE,93,D9,,169,,,,,,
L_COMPL,License Compliance with Class of Vehicle,140,VEHICLE,93,D10,,170,,,,,,
L_RESTRI,Compliance with License Restrictions,141,VEHICLE,93,D11,,171,,,,,,
DR_HGT,Driver Height,142,VEHICLE,93,D12,,172,,,,,,
DR_WGT,Driver Weight,143,VEHICLE,93,D13,,173,,,,,,
PREV_ACC,Previous Recorded Crashes,144,VEHICLE,93,D14,,174,,,,,,
PREV_SUS1,Previous Underage Administrative Per Se for BAC,145,VEHICLE,93,D15A,,175,,,,,,
PREV_SUS2,Previous Administrative Per Se for BAC (Not Underage),146,VEHICLE,93,D15B,,175,,,,,,
PREV_SUS3,"Previous Recorded Other Suspensions, Revocations, or Withdrawals",147,VEHICLE,93,D15C,,176,,,,,,
PREV_DWI,Previous DWI Convictions,148,VEHICLE,93,D16,,177,,,,,,
PREV_SPD,Previous Speeding Convictions,149,VEHICLE,93,D17,,178,,,,,,
PREV_OTH,Previous Other Moving Violation Convictions,150,VEHICLE,93,D18,,179,,,,,,
FIRST_MO,"Month of First Crash, Suspension or Conviction",151,VEHICLE,93,D19A,,180,,,,,,
FIRST_YR,"Year of First Crash, Suspension or Conviction",152,VEHICLE,93,D19B,,181,,,,,,
LAST_MO,"Month of Last Crash, Suspension or Conviction",153,VEHICLE,93,D20A,,182,,,,,,
LAST_YR,"Year of Last Crash, Suspension or Conviction",154,VEHICLE,93,D20B,,183,,,,,,
SPEEDREL,Speeding Related,155,VEHICLE,93,D22,,184,,,,,,
DR_SF1,Related Factors- Driver Level,156,VEHICLE,93,D24,,185,,,,,,
DR_SF2,Related Factors- Driver Level,157,VEHICLE,93,D24,,185,,,,,,
DR_SF3,Related Factors- Driver Level,158,VEHICLE,93,D24,,185,,,,,,
DR_SF4,Related Factors- Driver Level,159,VEHICLE,93,D24,,185,,,,,,
VTRAFWAY,Trafficway Description,160,VEHICLE,93,PC5,,192,,,,,,
VNUM_LAN,Total Lanes in Roadway,161,VEHICLE,93,PC6,,193,,,,,,
VSPD_LIM,Speed Limit,162,VEHICLE,93,PC7,,194,,,,,,
VALIGN,Roadway Alignment,163,VEHICLE,93,PC8,,195,,,,,,
VPROFILE,Roadway Grade,164,VEHICLE,93,PC9,,196,,,,,,
VPAVETYP,Roadway Surface Type,165,VEHICLE,93,PC10,,197,,,,,,
VSURCOND,Roadway Surface Condition,166,VEHICLE,93,PC11,,198,,,,,,
VTRAFCON,Traffic Control Device,167,VEHICLE,93,PC12,,199,,,,,,
VTCONT_F,Traffic Control Device Functioning,168,VEHICLE,93,PC13,,200,,,,,,
P_CRASH1,Pre-Event Movement (Prior To Recognition of Critical Event),169,VEHICLE,93,PC17,,201,,,,,,
P_CRASH2,Critical Event- Precrash,170,VEHICLE,93,PC19,,202,,,,,,
P_CRASH3,Attempted Avoidance Maneuver,171,VEHICLE,93,PC20,,204,,,,,,
PCRASH4,Pre-Impact Stability,172,VEHICLE,93,PC21,,205,,,,,,
PCRASH5,Pre-Impact Location,173,VEHICLE,93,PC22,,206,,,,,,
ACC_TYPE,Crash Type,174,VEHICLE,93,PC23,,207,,,,,,
AXLES,Axle (discontinued),175,VEHICLE,93,,,210,,TRUE,,,,
CARBUR,Carburetion (discontinued),176,VEHICLE,93,,,211,,TRUE,,,,
AVOID,Crash Avoidance Maneuver (discontinued),177,VEHICLE,93,,,212,,TRUE,,,,
DISPLACE,Cubic Inch Displacement (discontinued),178,VEHICLE,93,,,212,,TRUE,,,,
VIN_WGT,Curb Weight (discontinued),179,VEHICLE,93,,,213,,TRUE,,,,
DR_TRAIN,Driver Training (discontinued),180,VEHICLE,93,,,213,,TRUE,,,,
D_VISION1,Driver’s Vision Obscured by (discontinued),181,VEHICLE,93,,,214,,TRUE,,,,
FUELCODE,Fuel Code (discontinued),182,VEHICLE,93,,,215,,TRUE,,,,
HAZ_CARG,Hazardous Cargo (discontinued),183,VEHICLE,93,,,216,,TRUE,,,,
IMPACT2,Most Damaged Area (discontinued),184,VEHICLE,93,,,217,,TRUE,,,,
MCYCL_WT,Motorcycle Dry Weight (discontinued),185,VEHICLE,93,,,218,,TRUE,,,,
MCYCL_DS,Motorcycle Engine Displacement (CC) (discontinued),186,VEHICLE,93,,,218,,TRUE,,,,
MCYCL_TY,Motorcycle Type (discontinued),187,VEHICLE,93,,,218,,TRUE,,,,
CYLINDER,Number of Cylinders (discontinued),188,VEHICLE,93,,,219,,TRUE,,,,
MCYCL_CY,Number of Motorcycle Engine Cycles (discontinued),189,VEHICLE,93,,,219,,TRUE,,,,
WHLDRWHL,Number of Wheels/Drive Wheels (discontinued),190,VEHICLE,93,,,220,,TRUE,,,,
TIRE_SZE,Original Tire Size (discontinued),191,VEHICLE,93,,,220,,TRUE,,,,
PREV_SUS,Previous Recorded Suspensions and Revocations (discontinued),192,VEHICLE,93,,,221,,TRUE,,,,
SEQ1,Sequence of Events (discontinued),193,VEHICLE,93,,,222,,TRUE,,,,
SEQ2,Sequence of Events (discontinued),194,VEHICLE,93,,,222,,TRUE,,,,
SEQ3,Sequence of Events (discontinued),195,VEHICLE,93,,,222,,TRUE,,,,
SEQ4,Sequence of Events (discontinued),196,VEHICLE,93,,,222,,TRUE,,,,
SEQ5,Sequence of Events (discontinued),197,VEHICLE,93,,,222,,TRUE,,,,
SEQ6,Sequence of Events (discontinued),198,VEHICLE,93,,,222,,TRUE,,,,
TRK_WT,Truck Shipping Weight (discontinued),199,VEHICLE,93,,,224,,TRUE,,,,
TRKWTVAR,Truck Shipping Weight Variance (discontinued),200,VEHICLE,93,,,224,,TRUE,,,,
TON_RAT,Truck Ton Rating (discontinued),201,VEHICLE,93,,,225,,TRUE,,,,
VIN_REST,Truck VIN Restraint Type (discontinued),202,VEHICLE,93,,,226,,TRUE,,,,
WGTCD_TR,Truck Weight Rating (discontinued),203,VEHICLE,93,,,227,,TRUE,,,,
VEH_MAN,Vehicle Maneuver (discontinued),204,VEHICLE,93,,,228,,TRUE,,,,
IMPACTS,Vehicle Role (discontinued),205,VEHICLE,93,,,229,,TRUE,,,,
VIOLCHG1,Violations Charged (discontinued),206,VEHICLE,93,,,230,,TRUE,,,,
VIOLCHG2,Violations Charged (discontinued),207,VEHICLE,93,,,230,,TRUE,,,,
VIOLCHG3,Violations Charged (discontinued),208,VEHICLE,93,,,230,,TRUE,,,,
VIN_BT,VIN Body Type (discontinued),209,VEHICLE,93,,,233,,TRUE,,,,
VIN_LNGT,VIN Length (discontinued),210,VEHICLE,93,,,236,,TRUE,,,,
VINMAKE,VIN Make (discontinued),211,VEHICLE,93,,,237,,TRUE,,,,
VINA_MOD,VIN Model (discontinued),212,VEHICLE,93,,,237,,TRUE,,,,
VINMODYR,VIN Model Year (discontinued),213,VEHICLE,93,,,238,,TRUE,,,,
SER_TR,VIN Truck Series (discontinued),214,VEHICLE,93,,,238,,TRUE,,,,
VINTYPE,VIN Vehicle Type (discontinued),215,VEHICLE,93,,,239,,TRUE,,,,
WHLBS_SH,Wheelbase Short (discontinued),216,VEHICLE,93,,,239,,TRUE,,,,
WHLBS_LG,Wheelbase Long (discontinued),217,VEHICLE,93,,,240,,TRUE,,,,
AGE,Age,219,PERSON,241,P5/NM5,,242,,,,,,
SEX,Sex,220,PERSON,241,P6/NM6,,243,,,,,,
PER_TYP,Person Type,221,PERSON,241,P7/NM7,,244,,,,,,
INJ_SEV,Injury Severity,222,PERSON,241,P8/NM8,,245,,,,,,
SEAT_POS,Seating Position,223,PERSON,241,P9,,246,,,,,,
REST_USE,Restraint System Use,224,PERSON,241,P10A,,248,,,,,,
REST_MIS,Indication of Restraint System Misuse,225,PERSON,241,P10B,,250,,,,,,
HELM_USE,Helmet Use,226,PERSON,241,P11A,,251,,,,,,
HELM_MIS,Indication of Helmet Misuse,227,PERSON,241,P11B,,252,,,,,,
AIR_BAG,Air Bag Deployed,228,PERSON,241,P12,,253,,,,,,
EJECTION,Ejection,229,PERSON,241,P13,,255,,,,,,
EJ_PATH,Ejection Path,230,PERSON,241,P14,,256,,,,,,
EXTRICAT,Extrication,231,PERSON,241,P15,,257,,,,,,
DRINKING,Police Reported Alcohol Involvement,232,PERSON,241,P16/NM16,,258,,,,,,
ALC_DET,Method of Alcohol Determination by Police,233,PERSON,241,P17/NM17,,259,,,,,,
ALC_STATUS,Alcohol Test Status,234,PERSON,241,P18A/NM18A,,260,,,,,,
ATST_TYP,Alcohol Test Type,235,PERSON,241,P18B/NM18B,,261,,,,,,
ALC_RES,Alcohol Test Result,236,PERSON,241,P18C/NM18C,,262,,,,,,
DRUGS,Police Reported Drug Involvement,237,PERSON,241,P19/NM19,,263,,,,,,
DRUG_DET,Method of Drug Determination by Police,238,PERSON,241,P20/NM20,,264,,,,,,
DSTATUS,Drug Test Status,239,PERSON,241,P21A/NM21A,,265,,,,,,
HOSPITAL,Transported to First Medical Facility By,240,PERSON,241,P22/NM22,,266,,,,,,
DOA,Died at Scene/En Route,241,PERSON,241,P23/NM23,,267,,,,,,
DEATH_MO,Month of Death,242,PERSON,241,P24A/NM24A,,268,,,,,,
DEATH_DA,Day of Death,243,PERSON,241,P24B/NM24B,,268,,,,,,
DEATH_YR,Year of Death,244,PERSON,241,P24C/NM24C,,269,,,,,,
DEATH_TM,Death Time,245,PERSON,241,P25/NM25,,270,,,,,,
DEATH_HR,Hour of Death,246,PERSON,241,P25A/NM25A,,270,,,,,,
DEATH_MN,Minute of Death,247,PERSON,241,P25B/NM25B,,270,,,,,,
P_SF1,Related Factors- Person Level,248,PERSON,241,P26/NM26,,271,,,,,,
P_SF2,Related Factors- Person Level,249,PERSON,241,P26/NM26,,271,,,,,,
P_SF3,Related Factors- Person Level,250,PERSON,241,P26/NM26,,271,,,,,,
LAG_HRS,Lag Hours,251,PERSON,241,P100A,,277,,,,,,
LAG_MINS,Lag Minutes,252,PERSON,241,P100B,,277,,,,,,
STR_VEH,Number of Motor Vehicle Striking Non-Motorist,253,PERSON,241,NM4,,278,,,,,,
LOCATION,Non-Motorist Location at Time of Crash,254,PERSON,241,NM10,,279,,,,,,
WORK_INJ,Fatal Injury at Work,255,PERSON,241,SP2,,281,,,,,,
HISPANIC,Hispanic Origin,256,PERSON,241,SP3B,,282,,,,,,
AUT_REST,Automatic Restraint (discontinued),257,PERSON,241,,,283,,TRUE,,,,
DRUGTST1,Drug Test Type (discontinued),258,PERSON,241,,,283,,TRUE,,,,
DRUGTST2,Drug Test Type (discontinued),259,PERSON,241,,,283,,TRUE,,,,
DRUGTST3,Drug Test Type (discontinued),260,PERSON,241,,,283,,TRUE,,,,
DRUGRES1,Drug Test Result (discontinued),261,PERSON,241,,,284,,TRUE,,,,
DRUGRES2,Drug Test Result (discontinued),262,PERSON,241,,,284,,TRUE,,,,
DRUGRES3,Drug Test Result (discontinued),263,PERSON,241,,,284,,TRUE,,,,
CERT_NO,Death Certificate Number (discontinued),264,PERSON,241,,,285,,TRUE,,,,
MAN_REST,Manual Restraint (discontinued),265,PERSON,241,,,285,,TRUE,,,,
RACE,Race (discontinued),266,PERSON,241,,,286,,TRUE,,,,
PVE_FORMS,Number of Motor Vehicles in Transport (MVIT),268,PARKWORK,287,C4A,,288,,,,,,
PMONTH,Month of Crash,269,PARKWORK,287,C8A,,289,,,,,,
PDAY,Day of Crash,270,PARKWORK,287,C8B,,289,,,,,,
PHOUR,Hour of Crash,271,PARKWORK,287,C9A,,290,,,,,,
PMINUTE,Minute of Crash,272,PARKWORK,287,C9B,,290,,,,,,
PHARM_EV,First Harmful Event,273,PARKWORK,287,C19,,291,,,,,,
PMAN_COLL,Manner of Collision of the First Harmful Event,274,PARKWORK,287,C20,,294,,,,,,
PNUMOCCS,Number of Occupants,275,PARKWORK,287,V4,,295,,,,,,
PTYPE,Unit Type,276,PARKWORK,287,V5,,296,,,,,,
PHIT_RUN,Hit and Run,277,PARKWORK,287,V6,,297,,,,,,
PREG_STAT,Registration State,278,PARKWORK,287,V7,,298,,,,,,
POWNER,Registered Vehicle Owner,279,PARKWORK,287,V8,,300,,,,,,
PMAKE,Vehicle Make,280,PARKWORK,287,V9,,301,,,,,,
PMODEL,Vehicle Model,281,PARKWORK,287,V10,,305,,,,,,
PBODYTYP,Body Type,282,PARKWORK,287,V11,,306,,,,,,
PMODYEAR,Vehicle Model Year,283,PARKWORK,287,V12,,309,,,,,,
PVIN,Vehicle Identification Number (VIN),284,PARKWORK,287,V13,,310,,,,,,
PTRAILER,Vehicle Trailing,285,PARKWORK,287,V14,,311,,,,,,
PTRLR1VIN,Trailer Vehicle Identification Number,286,PARKWORK,287,V15,,312,,,,,,
PTRLR2VIN,Trailer Vehicle Identification Number,287,PARKWORK,287,V15,,312,,,,,,
PTRLR3VIN,Trailer Vehicle Identification Number,288,PARKWORK,287,V15,,312,,,,,,
PMCARR_ID,Motor Carrier Identification Number,289,PARKWORK,287,V17,,313,,,,,,
PMCARR_I1,MCID Issuing Authority,290,PARKWORK,287,V17A,,314,,,,,,
PMCARR_I2,MCID Identification Number,291,PARKWORK,287,V17B,,315,,,,,,
PGVWR,Gross Vehicle Weight Rating,292,PARKWORK,287,V18,,316,,,,,,
PV_CONFIG,Vehicle Configuration,293,PARKWORK,287,V19,,317,,,,,,
PCARGTYP,Cargo Body Type,294,PARKWORK,287,V20,,318,,,,,,
PHAZ_INV,Hazardous Material Involvement,295,PARKWORK,287,V21A/HM1,,319,,,,,,
PHAZPLAC,Hazardous Material Placard,296,PARKWORK,287,V21B/HM2,,319,,,,,,
PHAZ_ID,Hazardous Material Identification Number,297,PARKWORK,287,V21C/HM3,,319,,,,,,
PHAZ_CNO,Hazardous Material Class Number,298,PARKWORK,287,V21D/HM4,,320,,,,,,
PHAZ_REL,Release of Hazardous Material from the Cargo Compartment,299,PARKWORK,287,V21E/HM5,,320,,,,,,
PBUS_USE,Bus Use,300,PARKWORK,287,V22,,321,,,,,,
PSP_USE,Special Use,301,PARKWORK,287,V23,,322,,,,,,
PEM_USE,Emergency Motor Vehicle Use,302,PARKWORK,287,V24,,323,,,,,,
PUNDERIDE,Underride/Override,303,PARKWORK,287,V26,,324,,,,,,
PIMPACT1,Area of Impact – Initial Contact Point,304,PARKWORK,287,V29A,,325,,,,,,
PVEH_SEV,Extent of Damage,305,PARKWORK,287,V30,,326,,,,,,
PTOWED,Vehicle Removal,306,PARKWORK,287,V31,,327,,,,,,
PM_HARM,Most Harmful Event,307,PARKWORK,287,V33,,328,,,,,,
PFIRE,Fire Occurrence,308,PARKWORK,287,V34,,331,,,,,,
PVEH_SC1,Related Factors- Vehicle Level,309,PARKWORK,287,V36,,332,,,,,,
PVEH_SC2,Related Factors- Vehicle Level,310,PARKWORK,287,V36,,332,,,,,,
PMAK_MOD,Make Model Combined,311,PARKWORK,287,V100,,334,,,,,,
PVIN_1,VIN Character 1,312,PARKWORK,287,V101,,335,,,,,,
PVIN_2,VIN Character 2,313,PARKWORK,287,V102,,336,,,,,,
PVIN_3,VIN Character 3,314,PARKWORK,287,V103,,337,,,,,,
PVIN_4,VIN Character 4,315,PARKWORK,287,V104,,338,,,,,,
PVIN_5,VIN Character 5,316,PARKWORK,287,V105,,339,,,,,,
PVIN_6,VIN Character 6,317,PARKWORK,287,V106,,340,,,,,,
PVIN_7,VIN Character 7,318,PARKWORK,287,V107,,341,,,,,,
PVIN_8,VIN Character 8,319,PARKWORK,287,V108,,342,,,,,,
PVIN_9,VIN Character 9,320,PARKWORK,287,V109,,343,,,,,,
PVIN_10,VIN Character 10,321,PARKWORK,287,V110,,344,,,,,,
PVIN_11,VIN Character 11,322,PARKWORK,287,V111,,345,,,,,,
PVIN_12,VIN Character 12,323,PARKWORK,287,V112,,346,,,,,,
PDEATHS,Fatalities in Vehicle,324,PARKWORK,287,V150,,347,,,,,,
AXLES,Axle (discontinued),325,PARKWORK,287,,,348,,TRUE,,,,
PCARBUR,Carburetion (discontinued),326,PARKWORK,287,,,349,,TRUE,,,,
AVOID,Crash Avoidance Maneuver (discontinued),327,PARKWORK,287,,,350,,TRUE,,,,
CDL_STAT,Commercial Motor Vehicle License Status (discontinued),328,PARKWORK,287,,,350,,TRUE,,,,
L_ENDORS,Compliance with CDL Endorsements (discontinued),329,PARKWORK,287,,,351,,TRUE,,,,
L_RESTRI,Compliance with License Restrictions (discontinued),330,PARKWORK,287,,,351,,TRUE,,,,
PDISPLACE,Cubic Inch Displacement (discontinued),331,PARKWORK,287,,,352,,TRUE,,,,
PVIN_WGT,Curb Weight (discontinued),332,PARKWORK,287,,,352,,TRUE,,,,
DR_DRINK,Driver Drinking (discontinued),333,PARKWORK,287,,,352,,TRUE,,,,
DR_HGT,Driver Height (discontinued),334,PARKWORK,287,,,353,,TRUE,,,,
DR_PRES,Driver Presence (discontinued),335,PARKWORK,287,,,353,,TRUE,,,,
DR_WGT,Driver Weight (discontinued),336,PARKWORK,287,,,354,,TRUE,,,,
L_STATE,Driver’s License State (discontinued),337,PARKWORK,287,,,355,,TRUE,,,,
D_VISION1,Driver’s Vision Obscured by (discontinued),338,PARKWORK,287,,,356,,TRUE,,,,
D_VISION2,Driver’s Vision Obscured by (discontinued),339,PARKWORK,287,,,356,,TRUE,,,,
D_VISION3,Driver’s Vision Obscured by (discontinued),340,PARKWORK,287,,,356,,TRUE,,,,
DR_ZIP,Driver’s ZIP Code (discontinued),341,PARKWORK,287,,,356,,TRUE,,,,
PFUECODE,Fuel Code (discontinued),342,PARKWORK,287,,,357,,TRUE,,,,
HAZ_CARG,Hazardous Cargo (discontinued),343,PARKWORK,287,,,357,,TRUE,,,,
J_KNIFE,Jackknife (discontinued),344,PARKWORK,287,,,358,,TRUE,,,,
L_COMPL,License Compliance with Class of Vehicle (discontinued),345,PARKWORK,287,,,358,,TRUE,,,,
ROLINLOC,Location of Rollover (discontinued),346,PARKWORK,287,,,359,,TRUE,,,,
FIRST_MO,"Month of First Crash, Suspension or Conviction (discontinued)",347,PARKWORK,287,,,359,,TRUE,,,,
LAST_MO,"Month of Last Crash, Suspension or Conviction (discontinued)",348,PARKWORK,287,,,360,,TRUE,,,,
PIMPACT2,Most Damaged Area (discontinued),349,PARKWORK,287,,,361,,TRUE,,,,
PMCYCL_WT,Motorcycle Dry Weight (discontinued),350,PARKWORK,287,,,361,,TRUE,,,,
PMCYCL_DS,Motorcycle Engine Displacement (CC) (discontinued),351,PARKWORK,287,,,362,,TRUE,,,,
L_STATUS,Non-CDL License Status (discontinued),352,PARKWORK,287,,,362,,TRUE,,,,
L_TYPE,Non-CDL License Type (discontinued),353,PARKWORK,287,,,363,,TRUE,,,,
PCYLINDER,Number of Cylinders (discontinued),354,PARKWORK,287,,,363,,TRUE,,,,
PMCYCL_CY,Number of Motorcycle Engine Cycles (discontinued),355,PARKWORK,287,,,363,,TRUE,,,,
PWHLDRWHL,Number of Wheels/Drive Wheels (discontinued),356,PARKWORK,287,,,364,,TRUE,,,,
PTIRE_SZE,Original Tire Size (discontinued),357,PARKWORK,287,,,364,,TRUE,,,,
PREV_DWI,Previous DWI Convictions (discontinued),358,PARKWORK,287,,,364,,TRUE,,,,
PREV_OTH,Previous Other Harmful Moving Violation Convictions (discontinued),359,PARKWORK,287,,,365,,TRUE,,,,
PREV_ACC,Previous Recorded Crashes (discontinued),360,PARKWORK,287,,,365,,TRUE,,,,
PREV_SUS,Previous Recorded Suspensions and Revocations (discontinued),361,PARKWORK,287,,,365,,TRUE,,,,
PREV_SPD,Previous Speeding Convictions (discontinued),362,PARKWORK,287,,,366,,TRUE,,,,
DR_CF1,Related Factors- Driver Level (discontinued),363,PARKWORK,287,,,367,,TRUE,,,,
DR_CF2,Related Factors- Driver Level (discontinued),364,PARKWORK,287,,,367,,TRUE,,,,
DR_CF3,Related Factors- Driver Level (discontinued),365,PARKWORK,287,,,367,,TRUE,,,,
DR_CF4,Related Factors- Driver Level (discontinued),366,PARKWORK,287,,,367,,TRUE,,,,
ROLLOVER,Rollover (discontinued),367,PARKWORK,287,,,370,,TRUE,,,,
SEQ1,Sequence of Events (discontinued),368,PARKWORK,287,,,371,,TRUE,,,,
SEQ2,Sequence of Events (discontinued),369,PARKWORK,287,,,371,,TRUE,,,,
SEQ3,Sequence of Events (discontinued),370,PARKWORK,287,,,371,,TRUE,,,,
SEQ4,Sequence of Events (discontinued),371,PARKWORK,287,,,371,,TRUE,,,,
SEQ5,Sequence of Events (discontinued),372,PARKWORK,287,,,371,,TRUE,,,,
SEQ6,Sequence of Events (discontinued),373,PARKWORK,287,,,371,,TRUE,,,,
SPEEDREL,Speeding Related (discontinued),374,PARKWORK,287,,,372,,TRUE,,,,
TRAV_SP,Travel Speed (discontinued),375,PARKWORK,287,,,372,,TRUE,,,,
PTON_RAT,Truck Ton Rating (discontinued),376,PARKWORK,287,,,373,,TRUE,,,,
PTRK_WT,Truck Shipping Weight (discontinued),377,PARKWORK,287,,,373,,TRUE,,,,
PTRKWTVAR,Truck Shipping Weight Variance (discontinued),378,PARKWORK,287,,,374,,TRUE,,,,
PVIN_REST,Truck VIN Restraint Type (discontinued),379,PARKWORK,287,,,375,,TRUE,,,,
PWGTCD_TR,Truck Weight Rating (discontinued),380,PARKWORK,287,,,376,,TRUE,,,,
VEH_MAN,Vehicle Maneuver (discontinued),381,PARKWORK,287,,,377,,TRUE,,,,
IMPACTS,Vehicle Role (discontinued),382,PARKWORK,287,,,377,,TRUE,,,,
PVIN_BT,VIN Body Type (discontinued),383,PARKWORK,287,,,378,,TRUE,,,,
PVIN_LNGT,VIN Length (discontinued),384,PARKWORK,287,,,381,,TRUE,,,,
PVINMAKE,VIN Make (discontinued),385,PARKWORK,287,,,381,,TRUE,,,,
PVINA_MOD,VIN Model (discontinued),386,PARKWORK,287,,,382,,TRUE,,,,
PVINMODYR,VIN Model Year (discontinued),387,PARKWORK,287,,,382,,TRUE,,,,
PSER_TR,VIN Truck Series (discontinued),388,PARKWORK,287,,,382,,TRUE,,,,
PVINTYPE,VIN Vehicle Type (discontinued),389,PARKWORK,287,,,383,,TRUE,,,,
VIOLCHG1,Violations Charged (discontinued),390,PARKWORK,287,,,384,,TRUE,,,,
VIOLCHG2,Violations Charged (discontinued),391,PARKWORK,287,,,384,,TRUE,,,,
VIOLCHG3,Violations Charged (discontinued),392,PARKWORK,287,,,384,,TRUE,,,,
PWHLBS_LG,Wheelbase Long (discontinued),393,PARKWORK,287,,,386,,TRUE,,,,
PWHLBS_SH,Wheelbase Short (discontinued),394,PARKWORK,287,,,387,,TRUE,,,,
FIRST_YR,"Year of First Crash, Suspension or Conviction (discontinued)",395,PARKWORK,287,,,387,,TRUE,,,,
LAST_YR,"Year of Last Crash, Suspension or Conviction (discontinued)",396,PARKWORK,287,,,387,,TRUE,,,,
PBAGE,Age,398,PBTYPE,388,P5/NM5,,389,,,,,,
PBSEX,Sex,399,PBTYPE,388,P6/NM6,,390,,,,,,
PBPTYPE,Person Type,400,PBTYPE,388,P7/NM7,,391,,,,,,
PBCWALK,Marked Crosswalk Present,401,PBTYPE,388,NM9-PB27,,392,,,,,,
PBSWALK,Sidewalk Present,402,PBTYPE,388,NM9-PB28,,393,,,,,,
PBSZONE,School Zone,403,PBTYPE,388,NM9-PB29,,394,,,,,,
PEDCTYPE,Crash Type – Pedestrian,404,PBTYPE,388,NM9-PB30,,395,,,,,,
BIKECTYPE,Crash Type – Bicycle,405,PBTYPE,388,NM9-PB30B,,397,,,,,,
PEDLOC,Crash Location – Pedestrian,406,PBTYPE,388,NM9-PB31,,399,,,,,,
BIKELOC,Crash Location – Bicycle,407,PBTYPE,388,NM9-PB31B,,400,,,,,,
PEDPOS,Pedestrian Position,408,PBTYPE,388,NM9-PB32,,401,,,,,,
BIKEPOS,Bicyclist Position,409,PBTYPE,388,NM9-PB32B,,402,,,,,,
PEDDIR,Pedestrian Initial Direction of Travel,410,PBTYPE,388,NM9-PB33,,403,,,,,,
BIKEDIR,Bicyclist Initial Direction of Travel,411,PBTYPE,388,NM9-PB33B,,404,,,,,,
MOTDIR,Motorist Initial Direction of Travel,412,PBTYPE,388,NM9-PB34,,405,,,,,,
MOTMAN,Motorist Maneuver,413,PBTYPE,388,NM9-PB35,,406,,,,,,
PEDLEG,Intersection Leg,414,PBTYPE,388,NM9-PB36,,407,,,,,,
PEDSNR,Pedestrian Scenario,415,PBTYPE,388,NM9-PB37,,408,,,,,,
PEDCGP,Crash Group – Pedestrian,416,PBTYPE,388,NM9-PB38,,410,,,,,,
BIKECGP,Crash Group – Bicycle,417,PBTYPE,388,NM9-PB38B,,411,,,,,,
VNUMBER1,Vehicle Number (This Vehicle),419,CEVENT,412,C18A,,413,,,,,,
AOI1,Area of Impact (This Vehicle),420,CEVENT,412,C18B,,414,,,,,,
SOE,Sequence of Events,421,CEVENT,412,V32,,415,,,,,,
VNUMBER2,Vehicle Number (Other Vehicle),422,CEVENT,412,C18C,,418,,,,,,
AOI2,Area of Impact (Other Vehicle),423,CEVENT,412,C18D,,419,,,,,,
VNUMBER1,Vehicle Number (This Vehicle),425,VEVENT,420,C18A,,421,,,,,,
AOI1,Area of Impact (This Vehicle),426,VEVENT,420,C18B,,422,,,,,,
SOE,Sequence of Events,427,VEVENT,420,V32,,423,,,,,,
VNUMBER2,Vehicle Number (Other Vehicle),428,VEVENT,420,C18C,,426,,,,,,
AOI2,Area of Impact (Other Vehicle),429,VEVENT,420,C18D,,427,,,,,,
AOI,Area of Impact Associated with the Event,431,VSOE,428,C18B,,429,,,,,,
SOE,Sequence of Events,432,VSOE,428,V32,,430,,,,,,
MDAREAS,Area of Impact – Damaged Areas,434,DAMAGE,433,V29B,,434,,,,,,
MDRDSTRD,Driver Distracted By,436,DISTRACT,435,PC16,,436,,,,,,
DRIMPAIR,Condition (Impairment) at Time of Crash- Driver,438,DRIMPAIR,437,D23,,438,,,,,,
MFACTOR,"Contributing Circumstances, Motor Vehicle",440,FACTOR,439,PC4,,440,,,,,,
MDRMANAV,Driver Maneuvered to Avoid,442,MANEUVER,441,PC15,,442,,,,,,
MVIOLATN,Violations Charged,444,VIOLATN,443,D21,,444,,,,,,
MVISOBSC,Driver’s Vision Obscured by,446,VISION,447,PC14,,448,,,,,,
MTM_CRSH,Non-Motorist Contributing Circumstances,448,NMCRASH,449,NM12,,450,,,,,,
NmCrashes,Non-Motorist Contributing Circumstances,448,,,,,,,,TRUE,Details,,TRUE
MNMDSTRD,Non-Motorist Distracted By,450,NMDISTRACT,451,NM13,,452,,,,,,
NMIMPAIR,Condition (Impairment) at Time of Crash Non-Motorist,452,NMIMPAIR,453,NM15,,454,,,,,,
NmImpairs,Condition (Impairment) at Time of Crash Non-Motorist,452,,,,,,,,TRUE,Details,,TRUE
MPR_ACT,Non-Motorist Action/Circumstances,454,NMPRIOR,455,NM11,,456,,,,,,
NmPriors,Non-Motorist Action/Circumstances,454,,,,,,,,TRUE,Details,,TRUE
NMHELMET,Non-Motorist Helmet Use,456,SAFETYEQ,457,NM14A,,458,,,,,,
NMPROPAD,Non-Motorist Use of Protective Pads,457,SAFETYEQ,457,NM14B,,458,,,,,,
NMOTHPRO,Non-Motorist Use of Other Protective Safety Equipment,458,SAFETYEQ,457,NM14C,,459,,,,,,
NMREFCLO,Non-Motorist Use of Reflective Clothing/ Carried Item,459,SAFETYEQ,457,NM14D,,459,,,,,,
NMLIGHT,Non-Motorist Use of Lighting,460,SAFETYEQ,457,NM14E,,460,,,,,,
NMOTHPRE,Non-Motorist Use of Other Preventive Safety Equipment,461,SAFETYEQ,457,NM14F,,460,,,,,,
MSAFEQMT,Non-Motorist Safety Equipment Use (discontinued),462,SAFETYEQ,457,,,461,,TRUE,,,,
SafetyEQs,Safety EQs,462,,,,,,,,TRUE,Details,,TRUE
DRUGSPEC,Drug Specimen,464,DRUGS,462,P21B/NM21B,,463,,,,,,
DRUGRES,Drug Test Result,465,DRUGS,462,P21C/NM21C,,464,,,,,,
RACE,Race,467,RACE,465,SP3A,,466,,,,,,
MULTRACE,Multiple Races,468,RACE,465,SP3AA,,466,,,,,,
ORDER,Order Listed,469,RACE,465,SP3AB,,466,,,,,,
,,470,VINDECODE,468,,,,,,,,,
CEvents,Crash Events,500,,,,,,,,TRUE,Details,,TRUE
CrashCounts,Total Crashes,500,,,,,,,,TRUE,Summary count,,
ParkWorks,Parked/working vehicle information,500,,,,,,,,TRUE,Details,,
PbTypes,Pedalcyclist Types,500,,,,,,,,TRUE,Details,,TRUE
TotalFatalCounts,Total Fatalities,500,,,,,,,,TRUE,Summary count,,